Category,Positive Indicator,Strategic Impact
Category,Positive Indicator,Strategic Impact
Financial Performance,EPS beat analysts' estimates ($0.20 vs $0.19),"Strong financial performance signals efficient operations and market competitiveness, leading to increased investor confidence and potential for higher valuations."
Financial Performance,Positive return on equity (31.60%),"High ROE indicates efficient use of shareholder investments, leading to increased profitability and potential for higher dividend payouts or reinvestment in growth initiatives."
Financial Performance,Positive net margin (17.28%),"High net margin shows strong cost management and pricing strategies, contributing to improved profitability and financial stability."
Financial Performance,Revenue of $4.79 billion (despite missing analysts' expectation of $420.69 Billion - likely a typo),"Significant revenue demonstrates substantial market presence and strong client base, suggesting a robust business model.  The discrepancy with analyst expectation needs further investigation."
Market Position,Moderate Buy consensus rating from analysts,"Positive market sentiment indicates confidence in the company's future prospects, potentially attracting more investors and increasing stock value."
Market Position,Institutional investors own 16.20% of the company's stock,Significant institutional investment signals confidence in the company's long-term growth potential and provides financial stability.
Market Position,"Multiple upgrades from ""sell"" or ""negative"" ratings to ""buy"" or ""neutral""","Improved analyst ratings reflect a positive shift in market perception, boosting investor confidence and potentially driving stock price appreciation."
Innovation,Infosys is a digital services and consulting company offering end-to-end business solutions,"Focus on digital services positions Infosys for growth in a rapidly evolving technology landscape, providing a competitive advantage."
Operational Excellence,Consistent positive financial performance despite a challenging market environment (implied),"Demonstrates robust operational efficiency and resilience, increasing investor confidence and reducing risks."
